"","sample","condition"
"TCGA-02-0047-01A-01R-1849-01","TCGA-02-0047-01A-01R-1849-01","Tumor"
"TCGA-02-0055-01A-01R-1849-01","TCGA-02-0055-01A-01R-1849-01","Tumor"
"TCGA-02-2483-01A-01R-1849-01","TCGA-02-2483-01A-01R-1849-01","Tumor"
"TCGA-02-2485-01A-01R-1849-01","TCGA-02-2485-01A-01R-1849-01","Tumor"
"TCGA-02-2486-01A-01R-1849-01","TCGA-02-2486-01A-01R-1849-01","Tumor"
"TCGA-04-1331-01A-01R-1569-13","TCGA-04-1331-01A-01R-1569-13","Tumor"
"TCGA-04-1332-01A-01R-1564-13","TCGA-04-1332-01A-01R-1564-13","Tumor"
"TCGA-04-1337-01A-01R-1564-13","TCGA-04-1337-01A-01R-1564-13","Tumor"
"TCGA-04-1338-01A-01R-1564-13","TCGA-04-1338-01A-01R-1564-13","Tumor"
"TCGA-04-1341-01A-01R-1564-13","TCGA-04-1341-01A-01R-1564-13","Tumor"
"TCGA-04-1343-01A-01R-1564-13","TCGA-04-1343-01A-01R-1564-13","Tumor"
"TCGA-04-1347-01A-01R-1564-13","TCGA-04-1347-01A-01R-1564-13","Tumor"
"TCGA-04-1348-01A-01R-1565-13","TCGA-04-1348-01A-01R-1565-13","Tumor"
"TCGA-04-1350-01A-01R-1565-13","TCGA-04-1350-01A-01R-1565-13","Tumor"
"TCGA-04-1356-01A-01R-1569-13","TCGA-04-1356-01A-01R-1569-13","Tumor"
"TCGA-04-1357-01A-01R-1565-13","TCGA-04-1357-01A-01R-1565-13","Tumor"
"TCGA-04-1361-01A-01R-1565-13","TCGA-04-1361-01A-01R-1565-13","Tumor"
"TCGA-04-1362-01A-01R-1565-13","TCGA-04-1362-01A-01R-1565-13","Tumor"
"TCGA-04-1364-01A-01R-1565-13","TCGA-04-1364-01A-01R-1565-13","Tumor"
"TCGA-04-1365-01A-01R-1565-13","TCGA-04-1365-01A-01R-1565-13","Tumor"
"TCGA-04-1514-01A-01R-1566-13","TCGA-04-1514-01A-01R-1566-13","Tumor"
"TCGA-04-1517-01A-01R-1565-13","TCGA-04-1517-01A-01R-1565-13","Tumor"
"TCGA-04-1519-01A-01R-1565-13","TCGA-04-1519-01A-01R-1565-13","Tumor"
"TCGA-04-1530-01A-02R-1569-13","TCGA-04-1530-01A-02R-1569-13","Tumor"
"TCGA-04-1536-01A-01R-1566-13","TCGA-04-1536-01A-01R-1566-13","Tumor"
"TCGA-04-1542-01A-01R-1566-13","TCGA-04-1542-01A-01R-1566-13","Tumor"
"TCGA-04-1648-01A-01R-1567-13","TCGA-04-1648-01A-01R-1567-13","Tumor"
"TCGA-04-1651-01A-01R-1567-13","TCGA-04-1651-01A-01R-1567-13","Tumor"
"TCGA-04-1655-01A-01R-1566-13","TCGA-04-1655-01A-01R-1566-13","Tumor"
"TCGA-05-4244-01A-01R-1107-07","TCGA-05-4244-01A-01R-1107-07","Tumor"
"TCGA-05-4249-01A-01R-1107-07","TCGA-05-4249-01A-01R-1107-07","Tumor"
"TCGA-05-4250-01A-01R-1107-07","TCGA-05-4250-01A-01R-1107-07","Tumor"
"TCGA-05-4382-01A-01R-1206-07","TCGA-05-4382-01A-01R-1206-07","Tumor"
"TCGA-05-4384-01A-01R-1755-07","TCGA-05-4384-01A-01R-1755-07","Tumor"
"TCGA-05-4389-01A-01R-1206-07","TCGA-05-4389-01A-01R-1206-07","Tumor"
"TCGA-05-4390-01A-02R-1755-07","TCGA-05-4390-01A-02R-1755-07","Tumor"
"TCGA-05-4395-01A-01R-1206-07","TCGA-05-4395-01A-01R-1206-07","Tumor"
"TCGA-05-4396-01A-21R-1858-07","TCGA-05-4396-01A-21R-1858-07","Tumor"
"TCGA-05-4397-01A-01R-1206-07","TCGA-05-4397-01A-01R-1206-07","Tumor"
"TCGA-05-4398-01A-01R-1206-07","TCGA-05-4398-01A-01R-1206-07","Tumor"
"TCGA-05-4402-01A-01R-1206-07","TCGA-05-4402-01A-01R-1206-07","Tumor"
"TCGA-05-4403-01A-01R-1206-07","TCGA-05-4403-01A-01R-1206-07","Tumor"
"TCGA-05-4405-01A-21R-1858-07","TCGA-05-4405-01A-21R-1858-07","Tumor"
"TCGA-05-4410-01A-21R-1858-07","TCGA-05-4410-01A-21R-1858-07","Tumor"
"TCGA-05-4415-01A-22R-1858-07","TCGA-05-4415-01A-22R-1858-07","Tumor"
"TCGA-05-4417-01A-22R-1858-07","TCGA-05-4417-01A-22R-1858-07","Tumor"
"TCGA-05-4418-01A-01R-1206-07","TCGA-05-4418-01A-01R-1206-07","Tumor"
"TCGA-05-4420-01A-01R-1206-07","TCGA-05-4420-01A-01R-1206-07","Tumor"
"TCGA-05-4422-01A-01R-1206-07","TCGA-05-4422-01A-01R-1206-07","Tumor"
"TCGA-05-4424-01A-22R-1858-07","TCGA-05-4424-01A-22R-1858-07","Tumor"
"TCGA-05-4425-01A-01R-1755-07","TCGA-05-4425-01A-01R-1755-07","Tumor"
"TCGA-05-4426-01A-01R-1206-07","TCGA-05-4426-01A-01R-1206-07","Tumor"
"TCGA-05-4427-01A-21R-1858-07","TCGA-05-4427-01A-21R-1858-07","Tumor"
"TCGA-05-4430-01A-02R-1206-07","TCGA-05-4430-01A-02R-1206-07","Tumor"
"TCGA-05-4432-01A-01R-1206-07","TCGA-05-4432-01A-01R-1206-07","Tumor"
"TCGA-05-4433-01A-22R-1858-07","TCGA-05-4433-01A-22R-1858-07","Tumor"
"TCGA-05-4434-01A-01R-1206-07","TCGA-05-4434-01A-01R-1206-07","Tumor"
"TCGA-05-5420-01A-01R-1628-07","TCGA-05-5420-01A-01R-1628-07","Tumor"
"TCGA-05-5423-01A-01R-1628-07","TCGA-05-5423-01A-01R-1628-07","Tumor"
"TCGA-05-5425-01A-02R-1628-07","TCGA-05-5425-01A-02R-1628-07","Tumor"
"TCGA-05-5428-01A-01R-1628-07","TCGA-05-5428-01A-01R-1628-07","Tumor"
"TCGA-05-5429-01A-01R-1628-07","TCGA-05-5429-01A-01R-1628-07","Tumor"
"TCGA-05-5715-01A-01R-1628-07","TCGA-05-5715-01A-01R-1628-07","Tumor"
"TCGA-06-0125-01A-01R-1849-01","TCGA-06-0125-01A-01R-1849-01","Tumor"
"TCGA-06-0125-02A-11R-2005-01","TCGA-06-0125-02A-11R-2005-01","Tumor"
"TCGA-06-0129-01A-01R-1849-01","TCGA-06-0129-01A-01R-1849-01","Tumor"
"TCGA-06-0130-01A-01R-1849-01","TCGA-06-0130-01A-01R-1849-01","Tumor"
"TCGA-06-0132-01A-02R-1849-01","TCGA-06-0132-01A-02R-1849-01","Tumor"
"TCGA-06-0138-01A-02R-1849-01","TCGA-06-0138-01A-02R-1849-01","Tumor"
"TCGA-06-0139-01A-01R-1849-01","TCGA-06-0139-01A-01R-1849-01","Tumor"
"TCGA-06-0141-01A-01R-1849-01","TCGA-06-0141-01A-01R-1849-01","Tumor"
"TCGA-06-0152-02A-01R-2005-01","TCGA-06-0152-02A-01R-2005-01","Tumor"
"TCGA-06-0156-01A-02R-1849-01","TCGA-06-0156-01A-02R-1849-01","Tumor"
"TCGA-06-0156-01A-03R-1849-01","TCGA-06-0156-01A-03R-1849-01","Tumor"
"TCGA-06-0157-01A-01R-1849-01","TCGA-06-0157-01A-01R-1849-01","Tumor"
"TCGA-06-0158-01A-01R-1849-01","TCGA-06-0158-01A-01R-1849-01","Tumor"
"TCGA-06-0168-01A-01R-1849-01","TCGA-06-0168-01A-01R-1849-01","Tumor"
"TCGA-06-0171-02A-11R-2005-01","TCGA-06-0171-02A-11R-2005-01","Tumor"
"TCGA-06-0174-01A-01R-1849-01","TCGA-06-0174-01A-01R-1849-01","Tumor"
"TCGA-06-0178-01A-01R-1849-01","TCGA-06-0178-01A-01R-1849-01","Tumor"
"TCGA-06-0184-01A-01R-1849-01","TCGA-06-0184-01A-01R-1849-01","Tumor"
"TCGA-06-0187-01A-01R-1849-01","TCGA-06-0187-01A-01R-1849-01","Tumor"
"TCGA-06-0190-01A-01R-1849-01","TCGA-06-0190-01A-01R-1849-01","Tumor"
"TCGA-06-0190-02A-01R-2005-01","TCGA-06-0190-02A-01R-2005-01","Tumor"
"TCGA-06-0210-01A-01R-1849-01","TCGA-06-0210-01A-01R-1849-01","Tumor"
"TCGA-06-0210-02A-01R-2005-01","TCGA-06-0210-02A-01R-2005-01","Tumor"
"TCGA-06-0211-01A-01R-1849-01","TCGA-06-0211-01A-01R-1849-01","Tumor"
"TCGA-06-0211-01B-01R-1849-01","TCGA-06-0211-01B-01R-1849-01","Tumor"
"TCGA-06-0211-02A-02R-2005-01","TCGA-06-0211-02A-02R-2005-01","Tumor"
"TCGA-06-0219-01A-01R-1849-01","TCGA-06-0219-01A-01R-1849-01","Tumor"
"TCGA-06-0221-02A-11R-2005-01","TCGA-06-0221-02A-11R-2005-01","Tumor"
"TCGA-06-0238-01A-02R-1849-01","TCGA-06-0238-01A-02R-1849-01","Tumor"
"TCGA-06-0644-01A-02R-1849-01","TCGA-06-0644-01A-02R-1849-01","Tumor"
"TCGA-06-0645-01A-01R-1849-01","TCGA-06-0645-01A-01R-1849-01","Tumor"
"TCGA-06-0646-01A-01R-1849-01","TCGA-06-0646-01A-01R-1849-01","Tumor"
"TCGA-06-0649-01B-01R-1849-01","TCGA-06-0649-01B-01R-1849-01","Tumor"
"TCGA-06-0686-01A-01R-1849-01","TCGA-06-0686-01A-01R-1849-01","Tumor"
"TCGA-06-0743-01A-01R-1849-01","TCGA-06-0743-01A-01R-1849-01","Tumor"
"TCGA-06-0744-01A-01R-1849-01","TCGA-06-0744-01A-01R-1849-01","Tumor"
"TCGA-06-0745-01A-01R-1849-01","TCGA-06-0745-01A-01R-1849-01","Tumor"
"TCGA-06-0747-01A-01R-1849-01","TCGA-06-0747-01A-01R-1849-01","Tumor"
"TCGA-06-0749-01A-01R-1849-01","TCGA-06-0749-01A-01R-1849-01","Tumor"
"TCGA-06-0750-01A-01R-1849-01","TCGA-06-0750-01A-01R-1849-01","Tumor"
"TCGA-06-0878-01A-01R-1849-01","TCGA-06-0878-01A-01R-1849-01","Tumor"
"TCGA-06-0882-01A-01R-1849-01","TCGA-06-0882-01A-01R-1849-01","Tumor"
"TCGA-06-1804-01A-01R-1849-01","TCGA-06-1804-01A-01R-1849-01","Tumor"
"TCGA-06-2557-01A-01R-1849-01","TCGA-06-2557-01A-01R-1849-01","Tumor"
"TCGA-06-2558-01A-01R-1849-01","TCGA-06-2558-01A-01R-1849-01","Tumor"
"TCGA-06-2559-01A-01R-1849-01","TCGA-06-2559-01A-01R-1849-01","Tumor"
"TCGA-06-2561-01A-02R-1849-01","TCGA-06-2561-01A-02R-1849-01","Tumor"
"TCGA-06-2562-01A-01R-1849-01","TCGA-06-2562-01A-01R-1849-01","Tumor"
"TCGA-06-2563-01A-01R-1849-01","TCGA-06-2563-01A-01R-1849-01","Tumor"
"TCGA-06-2564-01A-01R-1849-01","TCGA-06-2564-01A-01R-1849-01","Tumor"
"TCGA-06-2565-01A-01R-1849-01","TCGA-06-2565-01A-01R-1849-01","Tumor"
"TCGA-06-2567-01A-01R-1849-01","TCGA-06-2567-01A-01R-1849-01","Tumor"
"TCGA-06-2569-01A-01R-1849-01","TCGA-06-2569-01A-01R-1849-01","Tumor"
"TCGA-06-2570-01A-01R-1849-01","TCGA-06-2570-01A-01R-1849-01","Tumor"
"TCGA-06-5408-01A-01R-1849-01","TCGA-06-5408-01A-01R-1849-01","Tumor"
"TCGA-06-5410-01A-01R-1849-01","TCGA-06-5410-01A-01R-1849-01","Tumor"
"TCGA-06-5411-01A-01R-1849-01","TCGA-06-5411-01A-01R-1849-01","Tumor"
"TCGA-06-5412-01A-01R-1849-01","TCGA-06-5412-01A-01R-1849-01","Tumor"
"TCGA-06-5413-01A-01R-1849-01","TCGA-06-5413-01A-01R-1849-01","Tumor"
"TCGA-06-5414-01A-01R-1849-01","TCGA-06-5414-01A-01R-1849-01","Tumor"
"TCGA-06-5415-01A-01R-1849-01","TCGA-06-5415-01A-01R-1849-01","Tumor"
"TCGA-06-5416-01A-01R-1849-01","TCGA-06-5416-01A-01R-1849-01","Tumor"
"TCGA-06-5417-01A-01R-1849-01","TCGA-06-5417-01A-01R-1849-01","Tumor"
"TCGA-06-5418-01A-01R-1849-01","TCGA-06-5418-01A-01R-1849-01","Tumor"
"TCGA-06-5856-01A-01R-1849-01","TCGA-06-5856-01A-01R-1849-01","Tumor"
"TCGA-06-5858-01A-01R-1849-01","TCGA-06-5858-01A-01R-1849-01","Tumor"
"TCGA-06-5859-01A-01R-1849-01","TCGA-06-5859-01A-01R-1849-01","Tumor"
"TCGA-08-0386-01A-01R-1849-01","TCGA-08-0386-01A-01R-1849-01","Tumor"
"TCGA-09-0364-01A-02R-1564-13","TCGA-09-0364-01A-02R-1564-13","Tumor"
"TCGA-09-0366-01A-01R-1564-13","TCGA-09-0366-01A-01R-1564-13","Tumor"
"TCGA-09-0367-01A-01R-1564-13","TCGA-09-0367-01A-01R-1564-13","Tumor"
"TCGA-09-0369-01A-01R-1564-13","TCGA-09-0369-01A-01R-1564-13","Tumor"
"TCGA-09-1659-01B-01R-1564-13","TCGA-09-1659-01B-01R-1564-13","Tumor"
"TCGA-09-1661-01B-01R-1566-13","TCGA-09-1661-01B-01R-1566-13","Tumor"
"TCGA-09-1662-01A-01R-1566-13","TCGA-09-1662-01A-01R-1566-13","Tumor"
"TCGA-09-1665-01B-01R-1566-13","TCGA-09-1665-01B-01R-1566-13","Tumor"
"TCGA-09-1666-01A-01R-1566-13","TCGA-09-1666-01A-01R-1566-13","Tumor"
"TCGA-09-1667-01C-01R-1566-13","TCGA-09-1667-01C-01R-1566-13","Tumor"
"TCGA-09-1668-01B-01R-1566-13","TCGA-09-1668-01B-01R-1566-13","Tumor"
"TCGA-09-1669-01A-01R-1566-13","TCGA-09-1669-01A-01R-1566-13","Tumor"
"TCGA-09-1670-01A-01R-1566-13","TCGA-09-1670-01A-01R-1566-13","Tumor"
"TCGA-09-1673-01A-01R-1566-13","TCGA-09-1673-01A-01R-1566-13","Tumor"
"TCGA-09-1674-01A-01R-1566-13","TCGA-09-1674-01A-01R-1566-13","Tumor"
"TCGA-09-2044-01B-01R-1568-13","TCGA-09-2044-01B-01R-1568-13","Tumor"
"TCGA-09-2045-01A-01R-1568-13","TCGA-09-2045-01A-01R-1568-13","Tumor"
"TCGA-09-2048-01A-01R-1568-13","TCGA-09-2048-01A-01R-1568-13","Tumor"
"TCGA-09-2051-01A-01R-1568-13","TCGA-09-2051-01A-01R-1568-13","Tumor"
"TCGA-09-2053-01C-01R-1568-13","TCGA-09-2053-01C-01R-1568-13","Tumor"
"TCGA-09-2054-01A-01R-1568-13","TCGA-09-2054-01A-01R-1568-13","Tumor"
"TCGA-09-2056-01B-01R-1568-13","TCGA-09-2056-01B-01R-1568-13","Tumor"
"TCGA-10-0926-01A-01R-1564-13","TCGA-10-0926-01A-01R-1564-13","Tumor"
"TCGA-10-0927-01A-02R-1564-13","TCGA-10-0927-01A-02R-1564-13","Tumor"
"TCGA-10-0928-01A-02R-1564-13","TCGA-10-0928-01A-02R-1564-13","Tumor"
"TCGA-10-0931-01A-01R-1564-13","TCGA-10-0931-01A-01R-1564-13","Tumor"
"TCGA-10-0933-01A-01R-1569-13","TCGA-10-0933-01A-01R-1569-13","Tumor"
"TCGA-10-0934-01A-02R-1564-13","TCGA-10-0934-01A-02R-1564-13","Tumor"
"TCGA-10-0936-01A-01R-1564-13","TCGA-10-0936-01A-01R-1564-13","Tumor"
"TCGA-10-0937-01A-02R-1564-13","TCGA-10-0937-01A-02R-1564-13","Tumor"
"TCGA-10-0938-01A-02R-1564-13","TCGA-10-0938-01A-02R-1564-13","Tumor"
"TCGA-12-0616-01A-01R-1849-01","TCGA-12-0616-01A-01R-1849-01","Tumor"
"TCGA-12-0618-01A-01R-1849-01","TCGA-12-0618-01A-01R-1849-01","Tumor"
"TCGA-12-0619-01A-01R-1849-01","TCGA-12-0619-01A-01R-1849-01","Tumor"
"TCGA-12-0821-01A-01R-1849-01","TCGA-12-0821-01A-01R-1849-01","Tumor"
"TCGA-12-1597-01B-01R-1849-01","TCGA-12-1597-01B-01R-1849-01","Tumor"
"TCGA-12-3650-01A-01R-1849-01","TCGA-12-3650-01A-01R-1849-01","Tumor"
"TCGA-12-3652-01A-01R-1849-01","TCGA-12-3652-01A-01R-1849-01","Tumor"
"TCGA-12-3653-01A-01R-1849-01","TCGA-12-3653-01A-01R-1849-01","Tumor"
"TCGA-12-5295-01A-01R-1849-01","TCGA-12-5295-01A-01R-1849-01","Tumor"
"TCGA-12-5299-01A-02R-1849-01","TCGA-12-5299-01A-02R-1849-01","Tumor"
"TCGA-13-0714-01A-01R-1564-13","TCGA-13-0714-01A-01R-1564-13","Tumor"
"TCGA-13-0720-01A-01R-1564-13","TCGA-13-0720-01A-01R-1564-13","Tumor"
"TCGA-13-0724-01A-01R-1564-13","TCGA-13-0724-01A-01R-1564-13","Tumor"
"TCGA-13-0725-01A-01R-1564-13","TCGA-13-0725-01A-01R-1564-13","Tumor"
"TCGA-13-0726-01A-01R-1564-13","TCGA-13-0726-01A-01R-1564-13","Tumor"
"TCGA-13-0727-01A-01R-1564-13","TCGA-13-0727-01A-01R-1564-13","Tumor"
"TCGA-13-0730-01A-01R-1564-13","TCGA-13-0730-01A-01R-1564-13","Tumor"
"TCGA-13-0760-01A-01R-1564-13","TCGA-13-0760-01A-01R-1564-13","Tumor"
"TCGA-13-0762-01A-01R-1564-13","TCGA-13-0762-01A-01R-1564-13","Tumor"
"TCGA-13-0765-01A-01R-1564-13","TCGA-13-0765-01A-01R-1564-13","Tumor"
"TCGA-13-0766-01A-02R-1564-13","TCGA-13-0766-01A-02R-1564-13","Tumor"
"TCGA-13-0768-01A-01R-1569-13","TCGA-13-0768-01A-01R-1569-13","Tumor"
"TCGA-13-0795-01A-01R-1564-13","TCGA-13-0795-01A-01R-1564-13","Tumor"
"TCGA-13-0797-01A-01R-1564-13","TCGA-13-0797-01A-01R-1564-13","Tumor"
"TCGA-13-0799-01A-01R-1564-13","TCGA-13-0799-01A-01R-1564-13","Tumor"
"TCGA-13-0800-01A-01R-1564-13","TCGA-13-0800-01A-01R-1564-13","Tumor"
"TCGA-13-0801-01A-01R-1564-13","TCGA-13-0801-01A-01R-1564-13","Tumor"
"TCGA-13-0804-01A-01R-1564-13","TCGA-13-0804-01A-01R-1564-13","Tumor"
"TCGA-13-0883-01A-02R-1569-13","TCGA-13-0883-01A-02R-1569-13","Tumor"
"TCGA-13-0884-01B-01R-1565-13","TCGA-13-0884-01B-01R-1565-13","Tumor"
"TCGA-13-0885-01A-02R-1569-13","TCGA-13-0885-01A-02R-1569-13","Tumor"
"TCGA-13-0886-01A-01R-1569-13","TCGA-13-0886-01A-01R-1569-13","Tumor"
"TCGA-13-0887-01A-01R-1564-13","TCGA-13-0887-01A-01R-1564-13","Tumor"
"TCGA-13-0888-01A-01R-1564-13","TCGA-13-0888-01A-01R-1564-13","Tumor"
"TCGA-13-0890-01A-01R-1564-13","TCGA-13-0890-01A-01R-1564-13","Tumor"
"TCGA-13-0891-01A-01R-1564-13","TCGA-13-0891-01A-01R-1564-13","Tumor"
"TCGA-13-0893-01B-01R-1565-13","TCGA-13-0893-01B-01R-1565-13","Tumor"
"TCGA-13-0897-01A-01R-1564-13","TCGA-13-0897-01A-01R-1564-13","Tumor"
"TCGA-06-0675-11A-32R-A36H-07","TCGA-06-0675-11A-32R-A36H-07","Normal"
"TCGA-06-0678-11A-32R-A36H-07","TCGA-06-0678-11A-32R-A36H-07","Normal"
"TCGA-06-0680-11A-32R-A36H-07","TCGA-06-0680-11A-32R-A36H-07","Normal"
"TCGA-06-0681-11A-41R-A36H-07","TCGA-06-0681-11A-41R-A36H-07","Normal"
"TCGA-06-AABW-11A-31R-A36H-07","TCGA-06-AABW-11A-31R-A36H-07","Normal"
"TCGA-22-4593-11A-01R-1820-07","TCGA-22-4593-11A-01R-1820-07","Normal"
"TCGA-22-4609-11A-01R-2125-07","TCGA-22-4609-11A-01R-2125-07","Normal"
"TCGA-22-5471-11A-01R-1635-07","TCGA-22-5471-11A-01R-1635-07","Normal"
"TCGA-22-5472-11A-11R-1635-07","TCGA-22-5472-11A-11R-1635-07","Normal"
"TCGA-22-5478-11A-11R-1635-07","TCGA-22-5478-11A-11R-1635-07","Normal"
"TCGA-22-5481-11A-01R-1949-07","TCGA-22-5481-11A-01R-1949-07","Normal"
"TCGA-22-5482-11A-01R-1635-07","TCGA-22-5482-11A-01R-1635-07","Normal"
"TCGA-22-5483-11A-11R-1820-07","TCGA-22-5483-11A-11R-1820-07","Normal"
"TCGA-22-5489-11A-01R-1635-07","TCGA-22-5489-11A-01R-1635-07","Normal"
"TCGA-22-5491-11A-01R-1858-07","TCGA-22-5491-11A-01R-1858-07","Normal"
"TCGA-33-4587-11A-01R-2125-07","TCGA-33-4587-11A-01R-2125-07","Normal"
"TCGA-33-6737-11A-01R-1820-07","TCGA-33-6737-11A-01R-1820-07","Normal"
"TCGA-34-7107-11A-01R-1949-07","TCGA-34-7107-11A-01R-1949-07","Normal"
"TCGA-34-8454-11A-01R-2326-07","TCGA-34-8454-11A-01R-2326-07","Normal"
"TCGA-38-4625-11A-01R-1758-07","TCGA-38-4625-11A-01R-1758-07","Normal"
"TCGA-38-4626-11A-01R-1758-07","TCGA-38-4626-11A-01R-1758-07","Normal"
"TCGA-38-4627-11A-01R-1758-07","TCGA-38-4627-11A-01R-1758-07","Normal"
"TCGA-38-4632-11A-01R-1755-07","TCGA-38-4632-11A-01R-1755-07","Normal"
"TCGA-39-5040-11A-01R-2125-07","TCGA-39-5040-11A-01R-2125-07","Normal"
"TCGA-43-3394-11A-01R-1758-07","TCGA-43-3394-11A-01R-1758-07","Normal"
"TCGA-43-5670-11A-01R-2125-07","TCGA-43-5670-11A-01R-2125-07","Normal"
"TCGA-43-6143-11A-01R-1820-07","TCGA-43-6143-11A-01R-1820-07","Normal"
"TCGA-43-6647-11A-01R-1820-07","TCGA-43-6647-11A-01R-1820-07","Normal"
"TCGA-43-6771-11A-01R-1820-07","TCGA-43-6771-11A-01R-1820-07","Normal"
"TCGA-43-6773-11A-01R-1949-07","TCGA-43-6773-11A-01R-1949-07","Normal"
"TCGA-43-7657-11A-01R-2125-07","TCGA-43-7657-11A-01R-2125-07","Normal"
"TCGA-43-7658-11A-01R-2125-07","TCGA-43-7658-11A-01R-2125-07","Normal"
"TCGA-44-2655-11A-01R-1758-07","TCGA-44-2655-11A-01R-1758-07","Normal"
"TCGA-44-2657-11A-01R-1758-07","TCGA-44-2657-11A-01R-1758-07","Normal"
"TCGA-44-2661-11A-01R-1758-07","TCGA-44-2661-11A-01R-1758-07","Normal"
"TCGA-44-2662-11A-01R-1758-07","TCGA-44-2662-11A-01R-1758-07","Normal"
"TCGA-44-2665-11A-01R-1758-07","TCGA-44-2665-11A-01R-1758-07","Normal"
"TCGA-44-2668-11A-01R-1758-07","TCGA-44-2668-11A-01R-1758-07","Normal"
"TCGA-44-3396-11A-01R-1758-07","TCGA-44-3396-11A-01R-1758-07","Normal"
"TCGA-44-3398-11B-01R-1758-07","TCGA-44-3398-11B-01R-1758-07","Normal"
"TCGA-44-5645-11A-01R-1628-07","TCGA-44-5645-11A-01R-1628-07","Normal"
"TCGA-44-6144-11A-01R-1755-07","TCGA-44-6144-11A-01R-1755-07","Normal"
"TCGA-44-6145-11A-01R-1858-07","TCGA-44-6145-11A-01R-1858-07","Normal"
"TCGA-44-6146-11A-01R-1858-07","TCGA-44-6146-11A-01R-1858-07","Normal"
"TCGA-44-6147-11A-01R-1858-07","TCGA-44-6147-11A-01R-1858-07","Normal"
"TCGA-44-6148-11A-01R-1858-07","TCGA-44-6148-11A-01R-1858-07","Normal"
"TCGA-44-6776-11A-01R-1858-07","TCGA-44-6776-11A-01R-1858-07","Normal"
"TCGA-44-6777-11A-01R-1858-07","TCGA-44-6777-11A-01R-1858-07","Normal"
"TCGA-44-6778-11A-01R-1858-07","TCGA-44-6778-11A-01R-1858-07","Normal"
"TCGA-49-4490-11A-01R-1858-07","TCGA-49-4490-11A-01R-1858-07","Normal"
"TCGA-49-4512-11A-01R-1858-07","TCGA-49-4512-11A-01R-1858-07","Normal"
"TCGA-49-6742-11A-01R-1858-07","TCGA-49-6742-11A-01R-1858-07","Normal"
"TCGA-49-6743-11A-01R-1858-07","TCGA-49-6743-11A-01R-1858-07","Normal"
"TCGA-49-6744-11A-01R-1858-07","TCGA-49-6744-11A-01R-1858-07","Normal"
"TCGA-49-6745-11A-01R-1858-07","TCGA-49-6745-11A-01R-1858-07","Normal"
"TCGA-49-6761-11A-01R-1949-07","TCGA-49-6761-11A-01R-1949-07","Normal"
"TCGA-50-5930-11A-01R-1755-07","TCGA-50-5930-11A-01R-1755-07","Normal"
"TCGA-50-5931-11A-01R-1858-07","TCGA-50-5931-11A-01R-1858-07","Normal"
"TCGA-50-5932-11A-01R-1755-07","TCGA-50-5932-11A-01R-1755-07","Normal"
"TCGA-50-5933-11A-01R-1755-07","TCGA-50-5933-11A-01R-1755-07","Normal"
"TCGA-50-5935-11A-01R-1858-07","TCGA-50-5935-11A-01R-1858-07","Normal"
"TCGA-50-5936-11A-01R-1628-07","TCGA-50-5936-11A-01R-1628-07","Normal"
"TCGA-50-5939-11A-01R-1628-07","TCGA-50-5939-11A-01R-1628-07","Normal"
"TCGA-50-6595-11A-01R-1858-07","TCGA-50-6595-11A-01R-1858-07","Normal"
"TCGA-51-4079-11A-01R-1758-07","TCGA-51-4079-11A-01R-1758-07","Normal"
"TCGA-51-4080-11A-01R-1758-07","TCGA-51-4080-11A-01R-1758-07","Normal"
"TCGA-51-4081-11A-01R-1758-07","TCGA-51-4081-11A-01R-1758-07","Normal"
"TCGA-55-6968-11A-01R-1949-07","TCGA-55-6968-11A-01R-1949-07","Normal"
"TCGA-55-6969-11A-01R-1949-07","TCGA-55-6969-11A-01R-1949-07","Normal"
"TCGA-55-6970-11A-01R-1949-07","TCGA-55-6970-11A-01R-1949-07","Normal"
"TCGA-55-6971-11A-01R-1949-07","TCGA-55-6971-11A-01R-1949-07","Normal"
"TCGA-55-6972-11A-01R-1949-07","TCGA-55-6972-11A-01R-1949-07","Normal"
"TCGA-55-6975-11A-01R-1949-07","TCGA-55-6975-11A-01R-1949-07","Normal"
"TCGA-55-6978-11A-01R-1949-07","TCGA-55-6978-11A-01R-1949-07","Normal"
"TCGA-55-6979-11A-01R-1949-07","TCGA-55-6979-11A-01R-1949-07","Normal"
"TCGA-55-6980-11A-01R-1949-07","TCGA-55-6980-11A-01R-1949-07","Normal"
"TCGA-55-6981-11A-01R-1949-07","TCGA-55-6981-11A-01R-1949-07","Normal"
"TCGA-55-6982-11A-01R-1949-07","TCGA-55-6982-11A-01R-1949-07","Normal"
"TCGA-55-6983-11A-01R-1949-07","TCGA-55-6983-11A-01R-1949-07","Normal"
"TCGA-55-6984-11A-01R-1949-07","TCGA-55-6984-11A-01R-1949-07","Normal"
"TCGA-55-6985-11A-01R-1949-07","TCGA-55-6985-11A-01R-1949-07","Normal"
"TCGA-55-6986-11A-01R-1949-07","TCGA-55-6986-11A-01R-1949-07","Normal"
"TCGA-56-7222-11A-01R-2045-07","TCGA-56-7222-11A-01R-2045-07","Normal"
"TCGA-56-7579-11A-01R-2045-07","TCGA-56-7579-11A-01R-2045-07","Normal"
"TCGA-56-7580-11A-01R-2045-07","TCGA-56-7580-11A-01R-2045-07","Normal"
"TCGA-56-7582-11A-01R-2045-07","TCGA-56-7582-11A-01R-2045-07","Normal"
"TCGA-56-7730-11A-01R-2125-07","TCGA-56-7730-11A-01R-2125-07","Normal"
"TCGA-56-7731-11A-01R-2125-07","TCGA-56-7731-11A-01R-2125-07","Normal"
"TCGA-56-7823-11A-01R-2247-07","TCGA-56-7823-11A-01R-2247-07","Normal"
"TCGA-56-8082-11A-01R-2247-07","TCGA-56-8082-11A-01R-2247-07","Normal"
"TCGA-56-8083-11A-01R-2247-07","TCGA-56-8083-11A-01R-2247-07","Normal"
"TCGA-56-8201-11A-01R-2247-07","TCGA-56-8201-11A-01R-2247-07","Normal"
"TCGA-56-8309-11A-01R-2296-07","TCGA-56-8309-11A-01R-2296-07","Normal"
"TCGA-56-8623-11A-01R-A28V-07","TCGA-56-8623-11A-01R-A28V-07","Normal"
"TCGA-58-8386-11A-01R-2296-07","TCGA-58-8386-11A-01R-2296-07","Normal"
"TCGA-60-2709-11A-01R-1820-07","TCGA-60-2709-11A-01R-1820-07","Normal"
"TCGA-73-4676-11A-01R-1755-07","TCGA-73-4676-11A-01R-1755-07","Normal"
"TCGA-77-7138-11A-01R-2045-07","TCGA-77-7138-11A-01R-2045-07","Normal"
"TCGA-77-7142-11A-01R-2045-07","TCGA-77-7142-11A-01R-2045-07","Normal"
"TCGA-77-7335-11A-01R-2045-07","TCGA-77-7335-11A-01R-2045-07","Normal"
