"","category","subcategory","ID","Description","GeneRatio","BgRatio","RichFactor","FoldEnrichment","zScore","pvalue","p.adjust","qvalue","geneID","Count"
"hsa05171","Human Diseases","Infectious disease: viral","hsa05171","Coronavirus disease - COVID-19","80/1439","239/9380",0.334728033472803,2.18189642388804,7.87866403420086,1.31374952461686e-12,4.55871085042051e-10,3.11151203198731e-10,"7450/6204/116832/5579/1839/200916/6170/1636/5295/6403/51121/6168/6233/629/1440/6142/1675/6187/6171/6201/6234/5594/6231/7099/6158/6147/6169/3553/6128/3572/5600/6175/5601/3569/6188/730/6193/51311/11224/6167/9641/6227/6156/6165/9636/6235/6191/728/4600/6202/6209/6159/6161/6137/6155/4736/2353/6217/6152/6176/6224/6232/5602/25873/4792/6157/1536/712/5336/6222/6230/4938/834/4312/5578/7097/713/3627/2244/7113",80
"hsa04514","Environmental Information Processing","Signaling molecules and interaction","hsa04514","Cell adhesion molecule (CAM) interaction","55/1439","160/9380",0.34375,2.24070535093815,6.73805036608604,1.49235577184459e-09,2.58923726415037e-07,1.76726341402649e-07,"1003/9074/1365/5175/257194/90952/947/6693/79679/9080/3384/8516/5797/6401/6403/10686/7122/6404/23114/3133/3683/83692/83700/23705/1001/8506/64101/94030/4685/5788/1272/54413/3684/920/58494/5010/4099/3383/1364/6614/3696/137075/6402/51208/3676/923/3122/4684/9071/29126/3127/80380/3118/4897/57863",55
"hsa04110","Cellular Processes","Cell growth and death","hsa04110","Cell cycle","51/1439","158/9380",0.322784810126582,2.10404553091546,5.95763696548645,6.27993970086107e-08,7.26379692066264e-06,4.95784713225874e-06,"991/891/5347/9232/9133/9212/983/4171/1029/890/4085/9319/81620/9088/113130/699/7272/10403/8318/701/995/1875/898/5111/990/9700/4173/23594/1111/10926/1869/11200/1019/1663/7533/4176/5526/4998/4175/1017/6502/4616/26271/10459/7532/1032/7157/1031/1026/8317/8900",51
"hsa05166","Human Diseases","Infectious disease: viral","hsa05166","Human T-cell leukemia virus 1 infection","62/1439","224/9380",0.276785714285714,1.8042043085476,5.18571422063543,1.23715828912829e-06,0.000107323481581879,7.32527934352274e-05,"991/9232/9133/1029/890/4085/701/115/898/6777/5902/9700/2114/6513/5532/148327/1111/2113/1869/196883/6929/11200/4215/1019/5295/7048/5530/5567/10000/1017/5594/6416/83660/3133/3683/7417/5601/291/7538/3569/8850/6688/5534/5604/1959/2353/4316/5602/7157/1031/4792/1026/920/111/3383/8900/7850/4487/1958/3122/3127/3118",62
"hsa04670","Organismal Systems","Immune system","hsa04670","Leukocyte transendothelial migration","38/1439","116/9380",0.327586206896552,2.13534303036112,5.23754643752234,1.98177637594743e-06,0.000137535280490752,9.38736178080362e-05,"1003/9074/2185/1365/5175/5579/90952/9080/11069/5295/10686/7122/3683/5600/83692/83700/2770/83593/4688/4478/1536/3684/653361/58494/5336/5010/3383/1364/5578/137075/4689/4318/51208/6387/3676/5880/9071/1496",38
"hsa04310","Environmental Information Processing","Signal transduction","hsa04310","Wnt signaling pathway","50/1439","178/9380",0.280898876404494,1.83101560852964,4.76484891595346,8.37916226187244e-06,0.000484594884144956,0.000330756405073912,"340419/166336/5579/8607/5532/80326/27123/23500/324/144165/55366/5530/11197/5567/4007/89780/64321/81839/1857/818/7091/7475/5601/5534/51701/8945/4316/11211/23401/5602/7157/57216/817/5330/85409/54894/5881/7472/51176/4163/59352/5578/2535/7481/5880/6422/8549/6425/147111/284654",50
"hsa03010","Genetic Information Processing","Translation","hsa03010","Ribosome","59/1439","223/9380",0.26457399103139,1.72460322159447,4.66173038248913,1.04361689302278e-05,0.00051733580268415,0.000353103460045302,"6204/11222/116832/65005/28998/64979/6182/200916/6170/29088/51121/6168/6233/79590/6142/6187/6171/65003/6183/57129/6201/6234/6231/51373/60488/6158/6147/6169/6128/6175/219927/64949/6188/51069/6193/11224/6167/6227/6156/6165/6235/6191/6202/6209/6159/6161/6137/6155/122704/4736/6217/6152/6176/6224/6232/25873/6157/6222/6230",59
"hsa04015","Environmental Information Processing","Signal transduction","hsa04015","Rap1 signaling pathway","56/1439","212/9380",0.264150943396226,1.7218456213041,4.52528588991846,1.83050753296181e-05,0.000793982642422184,0.00054192657225843,"7010/10235/9732/1945/9693/5579/115/5590/801/9771/135/2776/51466/284/196883/11069/5155/5295/9170/2264/22808/808/2324/10000/5594/83660/3683/5584/5600/260425/2770/83593/8817/5604/23566/51196/2321/2775/2246/25780/3791/2261/9863/3684/5330/5881/111/1268/5159/5578/7057/5228/2252/2247/5880/2357",56
"hsa05144","Human Diseases","Infectious disease: parasitic","hsa05144","Malaria","20/1439","50/9380",0.4,2.60736622654621,4.85098672343714,2.09363648520938e-05,0.000807213178186282,0.000550956969791942,"5175/6401/4035/6403/1440/7099/948/3553/3683/7059/3569/3043/2995/3040/3820/3039/3383/7057/7097/1311",20
"hsa04114","Cellular Processes","Cell growth and death","hsa04114","Oocyte meiosis","40/1439","138/9380",0.289855072463768,1.88939581633784,4.48046109123864,2.98754796612183e-05,0.000962802931235444,0.000657153525035568,"991/891/5347/9232/9133/983/4085/9088/6790/699/995/115/898/801/9700/5532/196883/7533/132864/3708/5526/5530/5567/808/1017/5594/26271/818/10459/5600/5534/7532/5604/6196/80315/9985/8945/6195/817/111",40
"hsa04148","Cellular Processes","Transport and catabolism","hsa04148","Efferocytosis","44/1439","157/9380",0.280254777070064,1.8268171014018,4.44727760478311,3.05211303849853e-05,0.000962802931235444,0.000657153525035568,"177/1901/10326/5175/140885/100133941/8578/5734/6513/1849/4035/6376/3717/10396/1788/9844/1850/5031/5594/240/948/818/64805/5600/196527/5604/7301/338440/246/9023/3988/4953/6446/1846/1051/1524/817/5468/712/5627/834/7057/713/126129",44
"hsa04517","Environmental Information Processing","Signaling molecules and interaction","hsa04517","IgSF CAM signaling","72/1439","299/9380",0.240802675585284,1.56965190895759,4.26137133610598,3.94280258624148e-05,0.00112876555006967,0.000770429997772411,"6711/54538/9353/9693/5579/4155/90952/288/6709/23136/342035/3384/84790/5362/5295/4628/8541/2037/10000/9046/5594/4629/4638/203068/8777/55558/57513/23114/3683/5584/5600/10382/4008/83700/5601/81928/6586/6092/5604/23705/5376/8506/94030/3687/4685/4478/140735/5602/3791/1272/78999/54413/9863/3556/3684/58494/5336/10580/2036/4099/3383/5578/7225/4133/2244/3676/4684/962/51807/4916/4897/57863",72
"hsa04062","Organismal Systems","Immune system","hsa04062","Chemokine signaling pathway","51/1439","193/9380",0.264248704663212,1.72248286986861,4.3170831902242,4.22880465443968e-05,0.00112876555006967,0.000770429997772411,"10235/2185/5579/115/5590/6777/2869/2776/2268/2920/6368/196883/53358/5295/6376/3717/9844/57580/5567/10000/408/5594/3055/2921/23533/54331/2770/5604/1794/2793/2788/2791/5473/2919/4792/1524/653361/5330/5336/5881/111/1230/3627/6387/56477/5880/6369/6362/6366/729230/10563",51
"hsa04380","Organismal Systems","Development and regeneration","hsa04380","Osteoclast differentiation","40/1439","142/9380",0.28169014084507,1.83617339897621,4.27388278842789,6.0927048574509e-05,0.00151012041823962,0.00103072074656124,"10326/140885/1540/5532/126014/5295/7048/3708/4286/5530/2274/10000/5594/2354/3553/5600/8651/5601/353514/6688/5534/5604/695/4688/2353/11025/9021/79168/5602/2215/54/4792/653361/5468/5336/7305/10288/4689/10990/2214",40
"hsa04218","Cellular Processes","Cell growth and death","hsa04218","Cellular senescence","43/1439","157/9380",0.273885350318471,1.7852985309154,4.22395783019966,6.7692073005615e-05,0.00156594328886323,0.00106882220535182,"891/9133/4605/2305/983/1029/890/1875/1978/898/801/5532/1111/2113/1869/11200/1019/3486/5295/7048/3708/6009/5530/22808/808/10000/1017/5594/4616/3133/7417/5600/286826/5883/291/3569/83593/5534/5604/8945/7157/1026/8900",43
"hsa03030","Genetic Information Processing","Replication and repair","hsa03030","DNA replication","15/1439","36/9380",0.416666666666667,2.71600648598564,4.39111516486244,0.000129893111673874,0.00277659576260336,0.00189514347515776,"4171/5984/5111/10535/4173/5425/5427/6742/5983/4176/5985/6119/4175/5558/5426",15
"hsa05418","Human Diseases","Cardiovascular disease","hsa05418","Fluid shear stress and atherosclerosis","39/1439","142/9380",0.274647887323944,1.7902690640018,4.03925472276406,0.000136029187216879,0.00277659576260336,0.00189514347515776,"1003/4205/857/2949/7056/5175/659/4208/5590/801/858/5155/5295/6401/808/445/10000/6416/1728/3553/5600/5601/4688/2353/10365/1906/5602/3791/7157/1843/2941/653361/5881/119391/5327/3383/4318/7850/5880",39
"hsa04924","Organismal Systems","Endocrine system","hsa04924","Renin secretion","23/1439","69/9380",0.333333333333333,2.17280518878851,4.16220366849049,0.000151266265959881,0.00291607746044882,0.00199034560473528,"153/154/801/5153/5734/2776/5532/1636/3708/1907/5530/5567/808/2770/5140/5534/5136/1909/3778/1906/5330/111/358",23
"hsa04914","Organismal Systems","Endocrine system","hsa04914","Progesterone-mediated oocyte maturation","32/1439","110/9380",0.290909090909091,1.89626634657906,4.02498839039741,0.000168179281323937,0.00307148476944243,0.00209641763423191,"891/5347/9133/983/890/4085/9088/6790/699/995/115/196883/5295/132864/3835/5567/10000/1017/5594/6793/10459/5600/5601/2770/5140/5604/6196/80315/5602/6195/111/8900",32
"hsa04916","Organismal Systems","Endocrine system","hsa04916","Melanogenesis","30/1439","101/9380",0.297029702970297,1.93616303951451,4.02654592886921,0.000177173646730198,0.00307396277076893,0.00209810897443656,"5579/115/801/2776/148327/80326/196883/1910/4286/5567/808/4157/89780/5594/1857/818/7475/2770/5604/11211/2775/1906/817/5330/7472/51176/111/5578/2535/7481",30
"hsa04518","Environmental Information Processing","Signaling molecules and interaction","hsa04518","Integrin signaling","41/1439","154/9380",0.266233766233766,1.7354223261103,3.9170716201689,0.000194465344795673,0.00315834184264699,0.00215570124251652,"7450/3384/5155/8516/5295/3908/131873/2324/10000/55679/83660/1277/255743/3683/9459/3691/7059/3910/3911/3687/2321/6696/10319/83706/3386/3791/55612/1285/3684/5881/22801/3383/5159/7057/3696/1286/5228/2244/3676/5880/1311",41
"hsa04360","Organismal Systems","Development and regeneration","hsa04360","Axon guidance","47/1439","184/9380",0.255434782608696,1.66503006314772,3.87812475217027,0.000200240693193757,0.00315834184264699,0.00215570124251652,"56920/9353/1945/659/5590/10501/1808/5532/85464/22885/5362/5295/9037/54437/2048/5530/5594/6608/55558/818/10509/6586/6092/2049/2770/5534/59277/64101/29984/27289/10154/2041/817/57556/5336/5881/2043/655/5578/10371/7225/25791/6387/5880/91653/10507/2051",47
"hsa04728","Organismal Systems","Nervous system","hsa04728","Dopaminergic synapse","36/1439","133/9380",0.270676691729323,1.76438316082075,3.77926695069371,0.00033017014613667,0.0049812626395402,0.00339992141330667,"5579/801/2776/5532/148327/2890/3708/5526/5530/5567/808/10000/408/818/5600/3762/5601/54331/2770/2793/2353/2775/2788/2791/5602/5521/817/5330/111/1815/3798/5578/3800/4128/50632/4129",36
"hsa05205","Human Diseases","Cancer: overview","hsa05205","Proteoglycans in cancer","50/1439","204/9380",0.245098039215686,1.5976508741092,3.6737280748864,0.00037130262129441,0.00536841706621501,0.00366417060487905,"857/5579/2549/288/858/1839/80326/4660/7023/5295/7078/54776/3708/5567/22808/2099/10000/89780/5594/3481/7099/1277/6608/818/5600/7475/5604/1634/51196/11211/4478/3791/7157/3316/1026/817/5336/7472/7291/5578/5328/7057/3059/7097/2535/4318/7481/960/2247/2719",50
"hsa04066","Environmental Information Processing","Signal transduction","hsa04066","HIF-1 signaling pathway","31/1439","110/9380",0.281818181818182,1.83700802324847,3.75886876607988,0.000392168643624123,0.00544330077350283,0.00371528188696538,"7010/2034/5579/1978/6513/284/5295/3939/2597/5163/10000/3098/5594/7099/3101/818/3569/2026/2027/5604/2321/1906/1536/1026/817/5336/7076/230/5578/112399/7018",31
"hsa04933","Human Diseases","Endocrine and metabolic disease","hsa04933","AGE-RAGE signaling pathway in diabetic complications","29/1439","101/9380",0.287128712871287,1.8716242715307,3.7489571943105,0.000425016894379529,0.00549843228657538,0.00375291146512804,"177/5581/7056/5579/5590/6777/1019/5295/6401/7048/3717/10000/5594/1277/3553/5600/5601/3569/51196/1906/5602/1285/1536/5330/5336/3383/5578/1286/1958",29
"hsa04010","Environmental Information Processing","Signal transduction","hsa04010","MAPK signaling pathway","68/1439","300/9380",0.226666666666667,1.47750752837619,3.57823610119513,0.000427831907024597,0.00549843228657538,0.00375291146512804,"7010/10235/5923/1945/9693/5579/4208/9254/3315/5532/1845/8605/1849/284/4215/5155/7048/2264/4902/5530/5567/255189/1850/22808/2324/10000/408/5594/3481/6416/4616/9048/3553/5600/5601/5534/1326/8817/5604/6196/51701/3164/2353/2321/2246/25780/4294/5602/3791/2261/7157/6195/782/1843/1846/23162/10125/3556/5881/5159/5578/4915/55799/5228/2252/2247/5321/5880",68
"hsa04145","Cellular Processes","Transport and catabolism","hsa04145","Phagosome","40/1439","155/9380",0.258064516129032,1.68217175906207,3.64541910097124,0.000464254583627529,0.00575344073281259,0.00392696546301481,"525/535/9114/526/84790/6441/1778/8685/4973/23673/523/81035/7099/203068/948/3133/23480/10382/7059/4688/4360/83547/4481/2215/1536/3684/653361/1520/7057/7097/4689/653509/78989/729238/3122/1311/3127/2214/3118/51807",40
"hsa05202","Human Diseases","Cancer: overview","hsa05202","Transcriptional misregulation in cancer","49/1439","201/9380",0.243781094527363,1.58906648135279,3.5936495452156,0.000482884402788066,0.00577796164715375,0.00394370201914029,"2118/890/2078/2313/7849/4208/8091/51804/6929/3486/7490/7048/4286/4066/8013/7102/6495/3206/4616/7704/578/3569/5218/6688/8938/2321/3728/7157/1031/1051/9915/3684/1026/64332/5468/4211/4005/6935/5327/4613/5328/6692/8900/4318/597/2115/7850/7113/3248",49
"hsa04014","Environmental Information Processing","Signal transduction","hsa04014","Ras signaling pathway","56/1439","238/9380",0.235294117647059,1.53374483914483,3.55036191118897,0.000514629103241073,0.00595254329415507,0.00406286134137689,"7010/10235/5923/1945/5579/801/9771/2114/2549/8605/284/2113/53358/5155/5295/23179/2264/5567/255189/22808/4303/808/2324/10000/5594/3481/5601/54331/83593/8817/5604/2793/51196/2321/2246/2788/25780/2791/5602/3791/2261/22821/10125/5336/5881/64926/5319/5159/5578/4915/5228/2252/2247/5321/5880/51365",56
"hsa04750","Organismal Systems","Sensory system","hsa04750","Inflammatory mediator regulation of TRP channels","28/1439","99/9380",0.282828282828283,1.84359228139631,3.59189700647825,0.000690836346988496,0.00764608837581215,0.00521877714108216,"5581/5579/115/51393/801/5734/2776/8605/196883/5295/5583/3708/5567/255189/808/818/3553/5600/5601/5602/2150/3556/817/5330/5336/111/5578/5321",28
"hsa05143","Human Diseases","Infectious disease: parasitic","hsa05143","African trypanosomiasis","14/1439","37/9380",0.378378378378378,2.46642751159777,3.80442786823057,0.000705114778172878,0.00764608837581215,0.00521877714108216,"5579/2776/335/6401/3553/3569/3910/3043/2150/3040/5330/3039/3383/5578",14
"hsa05214","Human Diseases","Cancer: specific types","hsa05214","Glioma","23/1439","76/9380",0.302631578947368,1.97267839508431,3.62420104870368,0.000729775911420456,0.00767370428069389,0.00523762615852002,"1029/5579/801/1869/53358/1019/5155/5295/808/10000/5594/4616/818/578/5604/7157/1026/817/5336/57118/5159/5578/57172",23
"hsa04270","Organismal Systems","Circulatory system","hsa04270","Vascular smooth muscle contraction","35/1439","134/9380",0.261194029850746,1.70257123002085,3.48687904989387,0.000809809843069697,0.00817980564763881,0.00558306164331482,"5581/10266/10268/5579/115/801/135/2776/10203/8605/196883/4660/5739/5583/54776/4628/3708/1907/5567/255189/808/5594/4629/4638/79924/5604/1909/3778/1906/5330/111/5319/5578/5321/27345",35
"hsa05417","Human Diseases","Cardiovascular disease","hsa05417","Lipid and atherosclerosis","51/1439","216/9380",0.236111111111111,1.53907034205853,3.411935724787,0.000825052442845413,0.00817980564763881,0.00558306164331482,"177/3329/801/5532/3949/2920/335/5295/6401/6403/3717/9619/3708/5530/4973/808/10000/5594/6416/7099/948/818/3553/5600/2921/839/5601/3569/3665/5534/9641/4688/2353/5602/2919/7157/4792/1536/653361/817/5468/5330/834/3383/4312/25833/5578/7097/4689/4318/3306",51
"hsa04926","Organismal Systems","Endocrine system","hsa04926","Relaxin signaling pathway","34/1439","130/9380",0.261538461538462,1.7048163788956,3.4446719179503,0.00093136681946483,0.00877429781596958,0.00598882757043275,"115/5590/148327/196883/53358/5295/7048/1910/5567/10000/408/5594/6416/1277/5600/5601/54331/2770/5604/2793/2353/2775/2788/2791/1906/5602/1285/4792/5330/111/4312/5578/1286/4318",34
"hsa04820","Cellular Processes","Cell motility","hsa04820","Cytoskeleton in muscle cells","54/1439","233/9380",0.23175965665236,1.51070575357828,3.36031846547842,0.000938041791004911,0.00877429781596958,0.00598882757043275,"6711/4001/477/27063/1674/288/6709/7138/7137/23345/1832/6442/25802/23500/8516/64236/29767/25777/5318/4628/3908/7134/131873/2274/4629/2273/83660/10529/1277/171024/3691/7059/2026/2027/1634/375790/8572/3728/9260/1285/1829/7136/2192/22801/1301/1824/7057/3696/482/825/1286/3676/1311/478",54
"hsa04960","Organismal Systems","Excretory system","hsa04960","Aldosterone-regulated sodium reabsorption","14/1439","38/9380",0.368421052631579,2.40152152445046,3.68504423721097,0.000960874112411654,0.00877429781596958,0.00598882757043275,"5579/477/5295/4306/5594/3291/6446/23327/5578/482/6338/53828/6340/478",14
"hsa04912","Organismal Systems","Endocrine system","hsa04912","GnRH signaling pathway","26/1439","93/9380",0.279569892473118,1.82235273898391,3.39260237393307,0.00127283166332109,0.0113249381326261,0.00772974694324548,"2185/5579/115/801/2776/8605/1839/196883/4215/3708/5567/255189/808/5594/6416/818/5600/5601/5604/5602/817/5330/111/5578/1958/5321",26
"hsa04925","Organismal Systems","Endocrine system","hsa04925","Aldosterone synthesis and secretion","27/1439","98/9380",0.275510204081633,1.79589000297826,3.37144727552321,0.0013172916457686,0.0114275050270426,0.00779975316573514,"5581/5138/5579/115/477/3777/801/2776/3949/148327/196883/3708/5567/808/818/3762/3164/817/5330/111/57118/4929/747/5578/482/57172/478",27
"hsa04918","Organismal Systems","Endocrine system","hsa04918","Thyroid hormone synthesis","22/1439","75/9380",0.293333333333333,1.91206856613389,3.37575561067678,0.00148819552146878,0.01259521575487,0.00859676488653341,"5579/7849/115/477/53905/2776/148327/196883/9601/3708/5567/2882/8458/493869/5330/111/2878/2877/5578/482/4036/478",22
"hsa04921","Organismal Systems","Endocrine system","hsa04921","Oxytocin signaling pathway","38/1439","154/9380",0.246753246753247,1.6084402046876,3.24072818261718,0.00156866817805872,0.0129601870901518,0.00884587318454166,"5579/115/4208/801/9254/2776/5532/8605/196883/4660/54776/3708/10645/5530/5567/255189/808/5594/4638/818/3762/23533/2770/5534/5604/2353/2775/782/1026/817/5330/111/57118/5578/55799/5321/5021/57172",38
"hsa05167","Human Diseases","Infectious disease: viral","hsa05167","Kaposi sarcoma-associated herpesvirus infection","46/1439","196/9380",0.23469387755102,1.52983222475926,3.19096127643296,0.00165325555437405,0.0133413878457627,0.00910605874502231,"801/5532/2920/1869/1019/5155/5295/3717/3708/6233/5530/57580/808/10000/5594/6416/3133/3055/578/3572/5600/2921/5601/23533/7538/54331/3569/3665/5534/5604/9641/2793/2353/2788/2791/5602/2919/7157/4792/1026/5336/51176/3383/1230/2247/440738",46
"hsa04022","Environmental Information Processing","Signal transduction","hsa04022","cGMP-PKG signaling pathway","40/1439","166/9380",0.240963855421687,1.57070254611218,3.15799048427374,0.00193010844880025,0.0152215370848565,0.010389339736365,"153/5581/5138/154/4205/115/477/4208/801/8654/2776/5532/148327/196883/1910/3708/5530/808/10000/6546/5594/4638/7417/291/23533/2770/5140/5534/5604/1909/3778/152/5330/111/482/7225/3764/27345/5350/478",40
"hsa04611","Organismal Systems","Immune system","hsa04611","Platelet activation","32/1439","126/9380",0.253968253968254,1.65547062002934,3.15315138529441,0.00217459550341645,0.016474414787196,0.0112444815019539,"10235/7450/115/5590/2776/8605/196883/5739/5295/3708/5567/255189/10000/5594/4638/83660/1277/64805/5584/5600/23533/2770/695/5742/83706/10125/6916/5330/5336/111/2244/5321",32
"hsa04724","Organismal Systems","Nervous system","hsa04724","Glutamatergic synapse","30/1439","116/9380",0.258620689655172,1.68579712923246,3.16370842557783,0.00218392818504616,0.016474414787196,0.0112444815019539,"85358/5579/115/2776/5532/8605/196883/6505/2890/3708/5530/5567/255189/5594/1742/54331/2770/5534/2752/9456/2793/9455/2775/2788/2791/5330/111/5578/6507/5321",30
"hsa05219","Human Diseases","Cancer: specific types","hsa05219","Bladder cancer","14/1439","41/9380",0.341463414634146,2.22580043729555,3.34836334880335,0.00223489689359985,0.01650019621445,0.0112620784111975,"1029/23604/1839/1869/1019/5594/5604/2261/7157/1026/1612/4312/7057/4318",14
"hsa05140","Human Diseases","Infectious disease: parasitic","hsa05140","Leishmaniasis","22/1439","78/9380",0.282051282051282,1.83852746743643,3.16553772751193,0.00258097669632373,0.018658310700507,0.0127350823831763,"5579/3717/5594/7099/3553/5600/4688/2353/1917/2215/4792/1536/65108/3684/653361/7097/4689/3676/3122/3127/2214/3118",22
"hsa04970","Organismal Systems","Digestive system","hsa04970","Salivary secretion","25/1439","93/9380",0.268817204301075,1.75226224902299,3.1034452381213,0.0028182344928103,0.0199577014082688,0.0136219712327028,"153/154/5579/115/477/6844/1469/801/2776/196883/3708/5567/808/3783/3778/362/1470/5330/111/1755/5578/482/4069/727897/478",25
"hsa04370","Environmental Information Processing","Signal transduction","hsa04370","VEGF signaling pathway","18/1439","60/9380",0.3,1.95552466990966,3.1606808135998,0.00295825888462996,0.0205303166593319,0.014012805242984,"5579/3315/5532/8605/5295/5530/255189/10000/5594/5600/5534/5604/3791/5336/5881/5578/5321/5880",18
"hsa04512","Environmental Information Processing","Signaling molecules and interaction","hsa04512","ECM-receptor interaction","24/1439","89/9380",0.269662921348315,1.75777498418846,3.05756081787031,0.00324051348061878,0.0220481995642101,0.0150488242133999,"7450/3161/8516/3908/131873/1277/255743/948/3691/7059/3910/375790/3911/6696/10319/1285/22801/7057/3696/1286/960/3676/9900/1311",24
"hsa04510","Cellular Processes","Cellular community - eukaryotes","hsa04510","Focal adhesion","46/1439","203/9380",0.226600985221675,1.47707938942273,2.92522566246284,0.00344746782582757,0.0230052179915801,0.015702029571077,"5923/7450/857/5579/8395/858/2013/53358/4660/5155/8516/5295/54776/3908/131873/2324/10000/5594/4638/83660/1277/23396/3691/7059/5601/3910/5604/3911/2321/6696/10319/2012/5602/3791/1285/5881/22801/5159/5578/7057/3696/1286/5228/3676/5880/1311",46
"hsa04115","Cellular Processes","Cell growth and death","hsa04115","p53 signaling pathway","21/1439","75/9380",0.28,1.82515635858235,3.05407543971982,0.00351577842870631,0.0230183983917187,0.0157110257489359,"891/9133/983/1029/6241/898/51512/27244/1111/11200/1019/3486/1017/4616/64393/7157/1026/5366/7057/64065/5268",21
"hsa04726","Organismal Systems","Nervous system","hsa04726","Serotonergic synapse","29/1439","115/9380",0.252173913043478,1.64377436021392,2.9568612862171,0.00382104755681426,0.0237525913359966,0.0162121433356567,"5579/6532/2776/8605/3359/3708/5567/255189/5594/240/3762/54331/2770/5604/5742/2793/2775/246/2788/2791/1843/247/5330/111/5578/2562/5321/4128/4129",29
"hsa04928","Organismal Systems","Endocrine system","hsa04928","Parathyroid hormone synthesis, secretion and action","29/1439","115/9380",0.252173913043478,1.64377436021392,2.9568612862171,0.00382104755681426,0.0237525913359966,0.0162121433356567,"4205/5579/115/4208/5745/2776/1839/148327/196883/3708/5567/408/11214/5594/5141/2770/5604/1591/2353/6446/1026/5330/5142/111/4929/5578/1958/10568/4326",29
"hsa05323","Human Diseases","Immune disease","hsa05323","Rheumatoid arthritis","25/1439","95/9380",0.263157894736842,1.71537251746461,2.98314365313055,0.00383327122425306,0.0237525913359966,0.0162121433356567,"7010/525/535/9114/526/2920/284/523/7099/8741/3553/3683/2921/3569/2353/2321/2919/54/3383/4312/7097/6387/3122/3127/3118",25
"hsa04911","Organismal Systems","Endocrine system","hsa04911","Insulin secretion","23/1439","86/9380",0.267441860465116,1.74329718635357,2.94768755103853,0.00436557898425053,0.0264337222007677,0.0180421279999173,"5579/115/477/6844/2776/6513/148327/196883/11069/5567/818/3783/3778/817/5330/5864/111/5578/482/6804/27345/6616/478",23
"hsa05032","Human Diseases","Substance dependence","hsa05032","Morphine addiction","24/1439","91/9380",0.263736263736264,1.71914256695355,2.93442002403785,0.00441831667909085,0.0264337222007677,0.0180421279999173,"5138/5579/115/5153/2869/196883/5567/408/5141/3762/54331/2770/5140/5136/2793/2775/2788/2791/2564/5142/111/5578/2562/9568",24
"hsa04964","Organismal Systems","Excretory system","hsa04964","Proximal tubule bicarbonate reclamation","9/1439","23/9380",0.391304347826087,2.55068435205608,3.16949502636625,0.00487668699453323,0.0283372679184884,0.0193413780726828,"762/1468/477/5105/358/482/8671/760/478",9
"hsa04935","Organismal Systems","Endocrine system","hsa04935","Growth hormone synthesis, secretion and action","30/1439","122/9380",0.245901639344262,1.60288907369644,2.8531841785847,0.00489981577841298,0.0283372679184884,0.0193413780726828,"5579/115/6777/2776/148327/196883/53358/3486/6751/5295/3717/3708/5567/10000/5594/6416/5600/8651/5601/2770/5604/2353/9021/5602/112609/5330/5336/111/5578/8835",30
"hsa04261","Organismal Systems","Circulatory system","hsa04261","Adrenergic signaling in cardiomyocytes","36/1439","154/9380",0.233766233766234,1.52378545707246,2.78983255758271,0.00535929213920993,0.0304864651197679,0.0208082956224717,"153/154/115/477/801/9254/2776/6332/7137/148327/196883/11069/5526/5567/7134/808/10000/6546/5594/818/5600/23533/2770/6324/186/6330/5521/782/817/5330/111/5578/482/55799/5350/478",36
"hsa04610","Organismal Systems","Immune system","hsa04610","Complement and coagulation cascades","23/1439","88/9380",0.261363636363636,1.70367679575463,2.82313101026155,0.00592017288931777,0.0331338708482785,0.0226152614617402,"7450/2157/7056/5104/2/629/1675/1361/730/728/3687/11326/3684/2159/712/5627/5327/5328/3053/713/2244/5265/725",23
"hsa04664","Organismal Systems","Immune system","hsa04664","Fc epsilon RI signaling pathway","19/1439","69/9380",0.27536231884058,1.79492602552094,2.82113692131565,0.0065133411023891,0.0358750692464923,0.0244862447458237,"8605/5295/255189/10000/5594/6416/240/2206/5600/5601/5604/695/5602/241/5336/5881/5578/5321/5880",19
"hsa05150","Human Diseases","Infectious disease: bacterial","hsa05150","Staphylococcus aureus infection","25/1439","99/9380",0.252525252525253,1.64606453696099,2.75085171768156,0.00679515430586847,0.0359568273273793,0.0245420480772345,"6403/629/1675/6404/1672/3858/25984/3683/2358/728/2215/3875/5724/3684/712/3872/3383/713/3868/3880/3122/3127/2214/3118/2357",25
"hsa05231","Human Diseases","Cancer: overview","hsa05231","Choline metabolism in cancer","25/1439","99/9380",0.252525252525253,1.64606453696099,2.75085171768156,0.00679515430586847,0.0359568273273793,0.0245420480772345,"5579/1978/8395/8605/5155/5295/6009/10810/255189/10434/10000/5594/23396/8525/5601/5604/2353/5602/204962/5881/5159/5578/5321/5880/8936",25
"hsa04657","Organismal Systems","Immune system","hsa04657","IL-17 signaling pathway","24/1439","94/9380",0.25531914893617,1.66427631481673,2.75530335927144,0.006839050730856,0.0359568273273793,0.0245420480772345,"2920/9618/1440/5594/53342/2354/3934/3553/5600/2921/5601/3569/9641/2353/225689/5602/2919/4792/1051/7128/4312/4318/3627/727897",24
"hsa04971","Organismal Systems","Digestive system","hsa04971","Gastric acid secretion","20/1439","76/9380",0.263157894736842,1.71537251746461,2.66547899193786,0.00912112024474867,0.0472392347004148,0.0322427659869356,"5579/115/477/801/2776/196883/3708/5567/808/4638/818/2770/817/5330/111/5578/3772/482/760/478",20
"hsa04068","Environmental Information Processing","Signal transduction","hsa04068","FoxO signaling pathway","31/1439","133/9380",0.233082706766917,1.51932994404009,2.56767364146132,0.00971531293798602,0.0495766704335463,0.0338381642576913,"891/5347/9133/1901/847/5295/7048/3575/8698/10733/4303/10000/1017/6502/5594/5105/4616/5600/5601/3569/9456/5604/51701/23710/9455/1032/10365/5602/114907/6446/1026",31
